CODIGO;TIPO;LOCALIDADE;AUTORES;TITULO;SUBTITULO;EDITORA;ANO;QTD_EXEMPLARES
2;Livro;Biblioteca SGA;BENÍTEZ, J. J.;Cavalo de Troia 1;jerusalém;Planeta do Brasil;2014;2
3;Livro;Biblioteca SGA;BENÍTEZ, J. J.;Cavalo de Troia 2;Massada;Planeta do Brasil;2014;2
4;Livro;Biblioteca SGA;Swarup, Vikas;Sua resposta vale um bilhão;;Panini Books;2009;3
5;Livro;Biblioteca SGA;BENÍTEZ, J. J.;Cavalo de tróia 4;Nazaré;Planeta do Brasil;2008;2
7;Livro;Biblioteca SGA;Souza, Mauricio de ;Magali;fábulas;Panini Books;2018;2
9;Livro;Biblioteca SGA;Colasanti, Marina;Uma ideia toda azul;contos;Globo;2006;1
10;Livro;Biblioteca SGA;DEL PRIORE, Mary;Histórias Íntimas ;sexualidade e erotismo na história do Brasil;Planeta do Brasil;2014;2
11;Livro;Biblioteca SGA;DEL PRIORE, Mary, VENANCIO, Renato;Uma breve história do Brasil;;Planeta do Brasil;2016;1
13;Livro;Biblioteca SGA;Fausto, Boris;História do Brasil;;Editora da universidade de São Paulo;2015;1
15;Livro;Biblioteca SGA;SCHWARCZ, Lilia M., STARLING, Heloisa M.;Brasil: ;uma Biografia;Companhia das Letras;2018;2
17;Livro;Biblioteca SGA;Colasanti, Marina;Doze reis e a moça no labirinto do vento;;Globo;2006;1
18;Livro;Biblioteca SGA;BLAINEY, Geoffrey;Uma breve história do mundo;;Fundamento educacional;2015;1
19;Livro;Biblioteca SGA;Marillac, Glacia, Azevedo, Milena;Dara, Dora e as estrelas;;CJA Edições;2018;2
21;Livro;Biblioteca SGA;Souza, Mauricio de ;Turma da Mônica;todas as copas do mundo;Panini Books;2018;2
22;Livro;Biblioteca SGA;Gomes, Laurentino;1808:;como uma rainha louca, um príncipe medroso e uma corte corrupta enganaram Napoleão e mudaram a história de portugual e do Brasil;Planeta do Brasil;2007;2
23;Livro;Biblioteca SGA;José de Castro, Alexandre Souza, Castro, José de , Souza, Alexandre;Poemas bricantes;;CJA Edições;2015;3
24;Livro;Biblioteca SGA;Elias, Walter , Barks, Carl;O melhor da Disney;Pato Donald;Abril;2004;1
25;Livro;Biblioteca SGA;Barro, João, Guedes, Avelino;A história da baratinha;;Moderna;1995;2
26;Livro;Biblioteca SGA;Pereira, Jadson S., Silva, Jonny Edson;Game e garagem;memórias ocultas de um década sem rumo;CJA Edições;2018;2
27;Livro;Biblioteca SGA;Guadagnin, Mariângela, Ferreth;A joaninha e a joanete;;CJA Edições;2016;2
28;Livro;Biblioteca SGA;Demi, Shahel, Monica;O pote vazio;;Martins Fontes;2007;1
29;Livro;Biblioteca SGA;Francisco, Antônio, Castro, José de , Brum;Meu amigo paladar;um guia da alimentação saudável;Comunique;2016;1
30;Livro;Biblioteca SGA;Gomes, Laurentino;1808:;Como uma rainha louca, um príncipe medroso e uma corte corrupta enganaram Napoleão e mudaram a história de Portugal e do Brasil;Planeta;2014;1
31;Livro;Biblioteca SGA;Gomes, Laurentino;1822;Como um homem sábio, uma princesa triste e um escocês louco por dinheiro ajudaram Dom Pedro a criar o Brasil-um país que tinha tudo pra dar errado.;Globo;2015;2
32;Livro;Biblioteca SGA;Gomes, Laurentino;1889:;como um imperador cansado, um marechal vaidoso e um professor injustiçado contribuíram para o fim da monarquia e a proclamação da república no Brasil;Globo;2013;2
34;Livro;Biblioteca SGA;BYNUM, William;Uma Breve história da ciência;;L&PM Pocket;2018;2
35;Livro;Biblioteca SGA;Hobsbawm, Eric;Era dos extremos;o breve século XX: 1914-1991;Companhia das Letras;1995;1
36;Livro;Biblioteca SGA;Gomes, Adriano, Bulhões, Raíssa;A casa e a velha;;Comunique;2016;1
37;Livro;Biblioteca SGA;Hobsbawm, Eric;A Era dos impérios;1875-1914;Paz e Terra;2017;2
38;Livro;Biblioteca SGA;Hobsbawm, Eric;A era do capital;1848-1875;Paz e Terra;2016;2
39;Livro;Biblioteca SGA;Hobsbawm, Eric;A era das revoluções;1789-1848;Paz e Terra;2018;2
40;Livro;Biblioteca SGA;Bulhões, Raíssa, Cavalcante, Manoel;A casa de minha avó;;Comunique;2017;1
41;Livro;Biblioteca SGA;Lispector, Clarice;A mulher que matou os peixes ;;Rocco;1999;2
43;Livro;Biblioteca SGA;Ferreth, Rocha, Simone;Ai, que medo de hospital;;CJA Edições;2016;2
44;Livro;Biblioteca SGA;HARARI, Yuval Noah;Uma Breve História da humanidade;sapiens;L&PM;2018;2
45;Livro;Biblioteca SGA;Ferreth;De volta para o planeta vermelho;;CJA Edições;2015;3
46;Livro;Biblioteca SGA;Borba, Gisele, Souza, Alexandre;A lenda do dragão dourado;;CJA Edições;2015;2
47;Livro;Biblioteca SGA;Souza, Alexandre, Medeiros, Marcos Antônio de Andrade;Confabulações em cordel;a formiguinha perdida;LerMais Editora;2014;1
49;Livro;Biblioteca SGA;Souza, Alexandre, Dalberto Junior;Titina e a fada dos sonhos;;CJA Edições;2017;2
50;Livro;Biblioteca SGA;VASCONCELOS, Carol;A filha de Gaia;;Ideia;2014;1
51;Livro;Biblioteca SGA;Costa, Kinha, Jardin-Wedepohl, Jess;A família arco-íris;;CJA Edições;2017;2
52;Livro;Biblioteca SGA;Duarte, Drika, Duarte, Flávia;Guerreiros de planeta;os elementos;CJA Edições;2016;2
53;Livro;Biblioteca SGA;Duarte, Drika, Duarte, Flávia;Bonito é se gostar;;CJA Edições;2018;2
55;Livro;Biblioteca SGA;Duarte, Flávia, Oliveira, Leonor;O menino do pensamento azul;;CJA Edições;2017;2
57;Livro;Biblioteca SGA;Ribeiro, João Ubaldo, Assis, Bruna;Dez bons conselhos do meu pai;;Companhia das Letras;2017;1
58;Livro;Biblioteca SGA;SUASSUNA, Ariano;Auto da compadecida;;Nova Fronteira;2018;2
59;Livro;Biblioteca SGA;Ferreth, Sena, Clemilson;O menino das cores;;CJA Edições;2016;2
61;Livro;Biblioteca SGA;Costa, Kinha, Nathanson, Nicci;Duas corujas e um gato;;CJA Edições;2016;2
62;Livro;Biblioteca SGA;SABINO, Fernando;O encontro marcado;;Record ;2015;2
63;Livro;Biblioteca SGA;Navarro, Newton;Obras completas;;Fundação José Augusto, FIERN;1998;14
67;Livro;Biblioteca SGA;ROSA, João Guimarães;Sagarana;;Nova Fronteira;2015;2
74;Livro;Biblioteca SGA;PIMENTA , Paula;Cinderela pop;;Record ;2017;1
82;Livro;Biblioteca SGA;Alecrim, Otacílio;O sistema de veto nos Estados Unidos;a receptividade brasileira;Instituto Pró-memória de Macaíba;2008;8
83;Livro;Biblioteca SGA;Alecrim, Otacílio;Fundamentos da Standard Jurídico;a individualização juriciária dos direitos;Instituto Crescer;2008;6
84;Livro;Biblioteca SGA;Alecrim, Otacílio;Ensaios de literatura e filosofia;;Instituto Pró-memória de Macaíba;2008;10
85;Livro;Biblioteca SGA;Dumas, Alexandre, Machado, Maria Ana, Dinarte, Sandro;Os três mosqueteiros;;Novo Jornal;2007;5
87;Livro;Biblioteca SGA;Petrovich, Enélio Lima;Homenagens ;saudações acadêmicas;[s.n.];203;4
90;Livro;Biblioteca SGA;Cascudo, Luís da Câmara;História da Cidade do Natal;;RN Econômico;1999;1
92;Livro;Biblioteca SGA;DIAS, Cesar;Tubarão com a faca nas costas;;Ministério da Educação;2006;4
93;Livro;Biblioteca SGA;Petrovich, Enélio Lima;Visão de um espectador;prefácios e apresentações;E. L. Petrovich;2006;2
96;Livro;Biblioteca SGA;MELO NETO, João Cabral de;Morte e vida Severina;;Objetiva;2007;3
98;Livro;Biblioteca SGA;Kupstas, Marcia;Crescer é Perigoso;;Atica;2017;1
100;Livro;Biblioteca SGA;Gonzaga, Thiago;Impressões digitai;escritores potiguares contemporâneos ;CJA Edições;2015;2
101;Livro;Biblioteca SGA;Soares, Canindé;Natal em fotos ;;Governo do Estado;[2014];3
102;Livro;Biblioteca SGA;Colombiéri, Ana Maria de Câmara, Coralina, Cora;Meu livro de cordel;;CJA Edições;2013;4
103;Livro;Biblioteca SGA;Gonzaga, Thiago;A arte poética de Diógenes da Cunha Lima;;CJA Edições;2015;4
104;Livro;Biblioteca SGA;Freitas, Alberto Gondim de;Transcedência e tolerância;;CJA Edições;2015;1
106;Livro;Biblioteca SGA;LUCENA, Ana Claúdia Trigueiro de;O mistério do Verde nasce;;CJA Edições;2018;2
107;Livro;Biblioteca SGA;Azevedo Júnior, Aluísio;Intifadas dos pinholés: uma revolução política na Cidade de Castanholas;;Una;2010;1
108;Livro;Biblioteca SGA;Lispector, Clarice;A Paixão Segundo G.H.;;Rocco;2009;2
109;Livro;Biblioteca SGA;Lispector, Clarice;A hora da estrela;;Rocco;1998;2
111;Livro;Biblioteca SGA;Arcanjo, Clauder , Alencart, Alfredo Pérez, Leite, David, Nicodemos, José, Souza, Lilia, Onofre Júnior, Manoel, Azevedo, Sânzio;Pílulas para o silêncio;;Sarau das Letras;2014;2
112;Livro;Biblioteca SGA;LINS, Osman;Lisbela e o Prisioneiro;;Planeta do Brasil;2015;2
118;Livro;Biblioteca SGA;Grant, Reg ... [et al.];O livro da História;;Globo;2020;2
119;Livro;Biblioteca SGA;Collin, Cstherine ... [et al.] , Grahan, James ...[et al.];O livro da Psicologia;;Globo;2020;2
120;Livro;Biblioteca SGA;Grahan, James ...[et al.], Buckingham, Will ... [et al.];O livro da Filosofia;;Globo;2020;2
122;Livro;Biblioteca SGA;Moreira, Zenóbia Collares;A poesia maneirista portuguesa ;;EDUFRN;1999;1
124;Livro;Biblioteca SGA;Tapioca, Roberto;Lapião, o mito;;Ed. do autor;2004;1
126;Livro;Biblioteca SGA;TYSON, Neil Degrasse;Astrofísica para apressados;;Planeta do Brasil;2017;2
127;Livro;Biblioteca SGA;Silva, Abimael;As 14 das mais poesia potiguar;;Sebo Vermelho;2007;1
128;Livro;Biblioteca SGA;ANDRADE, João;Contos de escuridão e rutilância;;CJA Edições;2017;2
129;Livro;Biblioteca SGA;LIMA, Síria Sousa de;Contos encantados em Cordel;;CJA Edições;2015;3
131;Livro;Biblioteca SGA;Menezes, Fátima;Lampião em Juazeiro do Padre Cícero;a versão que faltava sobre a famigerada patente de capitão;ETFRN-UNED;1996;1
132;Livro;Biblioteca SGA;ÌNDIGO;Cobras em compota;;Ministério da Educação;2006;13
133;Livro;Biblioteca SGA;Costa, Luciana;Que a poesia te envenene...;;Comunicarte;[s. d.];1
135;Livro;Biblioteca SGA;WERNECK, Sandra;Olho no Olho com a Medusa;;CJA Edições;2017;1
136;Livro;Biblioteca SGA;Gullar, Ferreira;Poema sujo;;Companhia das Letras;2016;2
138;Livro;Biblioteca SGA;Nascimento, Alex;Um beijo e tchau;;8 editora ;2015;1
141;Livro;Biblioteca SGA;CUNHA, Euclides da;Os sertões;;Martin Claret;2016;2
146;Livro;Biblioteca SGA;SUASSUNA, Ariano;Auto da Compadecida;;Agir;2005;5
147;Livro;Biblioteca SGA;Assis, Machado de;Dom Casmurro;;Martin Claret;2010;1
149;Livro;Biblioteca SGA;Medeiros, Irani;Fabião das Queimadas;de vaqueiro a cantador;CJA Edições;2017;2
153;Livro;Biblioteca SGA;Martins, Francisco;Seis faces de encanto;Obras reunidas: 50 anos de vida do autor;CJA Edições;2014;2
154;Livro;Biblioteca SGA;Souza, Ana Maria de Azevêdo;Espiritualidade, saudades e poesias;;CJA Edições;2015;2
155;Livro;Biblioteca SGA;Lima, Jorge de ;Invenção de Orfeu;;Alfaguara;2017;2
158;Livro;Biblioteca SGA;Melo Neto, João Cabral;O livro da Matemática;;Objetiva;2020;2
159;Livro;Biblioteca SGA;Shakespeare, William;A tragédia de Otelo;o Mouro da Veneza;Martin Claret;2014;2
168;Livro;Biblioteca SGA;SUASSUNA, Ariano;A pena e a lei;;Agir;2005;6
169;Livro;Biblioteca SGA;BANDEIRA, Manuel;Libertinagem;;Global Editora;2013;2
170;Livro;Biblioteca SGA;Melo, Veríssimo de;Superstições de São João ;;Sebo Vermelho;2002;1
171;Livro;Biblioteca SGA;AMADO, Jorge;Capitães da areia;;Companhia das Letras;2008;2
172;Livro;Biblioteca SGA;AMADO, Jorge;Gabriela, Cravo e Canela;;Companhia das Letras;2012;1
173;Livro;Biblioteca SGA;Fernandes, Raul;Ultimatos de Lampião e respostas de Rodolfo Fernandes;;Sebo Vermelho;2006;1
174;Livro;Biblioteca SGA;ARAÚJO, Adriano;O mundo que me cabe;palavras, palavras e pequenas invenções;Edição do autor;2014;1
180;Livro;Biblioteca SGA;BARCONI, João;Da insatisfação à loucura;;CJA Edições;2014;1
181;Livro;Biblioteca SGA;LEE, Nassary;Entre becos e sonhos;;CJA Edições;2013;2
182;Livro;Biblioteca SGA;ANDRADE, João;Livro de palavra;;Bizu;2013;1
187;Livro;Biblioteca SGA;OLIVEIRA, Antônio Carlos Matos de;Coisas de Matuto;;CJA Edições;2014;2
189;Livro;Biblioteca SGA;NEVES, Alfredo;O Amor Revelado;;CJA Edições;2015;2
191;Livro;Biblioteca SGA;MARTINS, Jarbas;44 Haicas;;8 editora ;2014;1
195;Livro;Biblioteca SGA;FERREIRA, Fançois de Oliveira;O sol é meu manifesto;e outros poemas de definição;CJA Edições;2014;2
196;Livro;Biblioteca SGA;LEMOS, Yasmine;Rascunhos;;Offset Gráfica;2010;3
204;Livro;Biblioteca SGA;FERNANDES, Gustavo dos Santos;Inquietudes;Ielmo Marinho em versos;CJA Edições;2013;2
205;Livro;Biblioteca SGA;FERNANDES, Rizolete;Vento da tarde;;Sarau das Letras;2013;1
206;Livro;Biblioteca SGA;Fernandes, Rizolete;Canções de Abril;;Una;2010;1
207;Livro;Biblioteca SGA;CASTRO, José de;Apenas palavras;;CJA Edições;2015;4
209;Livro;Biblioteca SGA;Hawking, Stephen William;Minha breve história;;Intrínseca;2013;2
217;Livro;Biblioteca SGA;Souza, Ana Maria de Azevêdo;De Cunhaú a Uruaçu;mártires do amor e da fé ;CJA Edições;2017;2
218;Livro;Biblioteca SGA;Carmona, Léia;O único sobrevivente;;CJA Edições;2014;1
245;Livro;Biblioteca SGA;COLOMBIÉRI, Ana Maria da Câmara;Artigos;;CJA Edições;2015;2
252;Livro;Biblioteca SGA;TAVARES, Clotilde;A Botija;;Editora 34;2011;2
262;Livro;Biblioteca SGA;SILVA, Edivan;O poder do Marketing de atitude;tenha o mundo em suas mãos ;CJA Edições;2014;1
263;Livro;Biblioteca SGA;SILVA, Edivan;O Poder da Iniciativa;como sair da sua zona de conforto e praticar o otimismo;CJA Edições;2014;2
275;Livro;Biblioteca SGA;RAMOS, Graciliano;Vidas Secas;;Record ;2018;2
277;Livro;Biblioteca SGA;NOGUEIRA, Peterson;Outros:deuses;;CJA Edições;2015;1
286;Livro;Biblioteca SGA;Mesquita, Valério Alfredo;A paisagem e o tempo;;RN Econômico;2011;1
287;Livro;Biblioteca SGA;Lima, Diógenes da Cunha;Livro das respostas ;(face ao libro de las preguntas de Pablo Neruda);Massao Ohno Editor;2002;1
288;Livro;Biblioteca SGA;Azevedo Júnior, Aluísio;Ubaia doce;;Taba Cultural;2009;1
289;Livro;Biblioteca SGA;Silva, Roberto da;Luis, toujours lui;cartas de Câmara Cascudo a Bernard Alléguède;Sebo Vermelho;2002;1
290;Livro;Biblioteca SGA;DALBERTO, Junior;Pipa voadas sore brancas dunas;;CJA Edições;2015;1
294;Livro;Biblioteca SGA;Doyle, Arthur Conan, Linarth, Casemiro;Sherlock Holmes ;o signo dos quatro;Martin Claret;2018;2
297;Livro;Biblioteca SGA;LOPES, Raniere;A queda ;o livro da prisão;CJA Edições;2014;2
300;Livro;Biblioteca SGA;Riordan, Rick;Percy Jackson e os Olimpianos;;Intrínseca;2014;1
301;Livro;Biblioteca SGA;Brubaker, Ed, Guice, Butch, Breitweiser, Mitch, Deadato Júnior, Mike, Catarino, Pedro;Marvel delux;o julgamento do Capitão América;Panini Books;2017;2
302;Livro;Biblioteca SGA;FRANKILIN, Jorge, SOUSA, Adriano de;Actas diurnas;crônicas de Luís da Câmara Cascudo;Novo Jornal;2011;3
303;Livro;Biblioteca SGA;Baum, L. Frank;o mágico de Oz;;Autêntica Editora;2019;2
304;Livro;Biblioteca SGA;Bendis, Brian Michael , Maleev, Alexander , Lark, Michael;Marvel Deluxe - Demolidor;o demônio do pavilhão D;Panini Books;2018;2
306;Livro;Biblioteca SGA;CAMÕES, Luís de;Os Lusíadas;;Martin Claret;2017;2
308;Livro;Biblioteca SGA;MENDES, Odorico Mendes, Homero;Odisséia;;Martin Claret;2018;2
309;Livro;Biblioteca SGA;MILTON, John;Paraíso Perdido;;Martin Claret;2018;2
310;Livro;Biblioteca SGA;Doyle, Arthur Conan, Linarth, Casemiro;Sherlock Holmes ;o vale do terror;Martin Claret;2018;2
311;Livro;Biblioteca SGA;Doyle, Arthur Conan, Linarth, Casemiro;Sherlock Holmes;o cão dos Baskervilles;Martin Claret;2018;2
313;Livro;Biblioteca SGA;DUARTE, Drika;Negra Onawale;;CJA Edições;2018;1
314;Livro;Biblioteca SGA;Doyle, Arthur Conan, Linarth, Casemiro;Sherlock Holmes;um estudo em vermelho;Martin Claret;2018;2
315;Livro;Biblioteca SGA;Shakespeare, William;Shakespeare Hamlet;;L&PM Pocket;2018;1
316;Livro;Biblioteca SGA;;Grandes encontros DC Comics;Dark Horse: Liga da Justiça;Panini Books;208;2
317;Livro;Biblioteca SGA;Fowles, John;O colecionador ;;Darkside books;2018;2
318;Livro;Biblioteca SGA;Cordenonsi, A. Z.;Sherlock e os aventureiros 2;o problema dos calculos maquinares;AVEC Editora;2017;3
319;Livro;Biblioteca SGA;Lasky, Katheryn;A lenda dos guardiões 1 ;a captura;Fundamento Editora;2010;2
320;Livro;Biblioteca SGA;Barrie, J. M., Bedford, F. D.;Peter Pan;;Autêntica Editora;2019;4
321;Livro;Biblioteca SGA;Shelley, Mary, Stevenson, Robert Louis, Stoker, Bram;Frankenstein, o médico e o mostro, Drrácula;;Martin Claret;2017;1
329;Livro;Biblioteca SGA;RAMOS, Lazaro;Na minha pele;;Objetiva;2017;1
330;Livro;Biblioteca SGA;Tahan, Malba;O homem que calculava;;Record ;2014;2
331;Livro;Biblioteca SGA;Sparks, Nicholas;Querido Jonh;;Ideia;2017;2
332;Livro;Biblioteca SGA;Zusak Markus;A menina que roubava livros;;Intrínseca;2013;2
333;Livro;Biblioteca SGA;Wells, H.G;A máquina do tempo;;Martin Claret;2018;2
334;Livro;Biblioteca SGA;Sandra, Werneck;olho a olho com Medusa;;CJA Edições;2017;1
335;Livro;Biblioteca SGA;Darwin, Charles;A origem das espécies;A origemdas espécies por meio da seleção ntural ou a preservação das raças favorecidas na luta pela vida ;Martin Claret;2014;2
336;Livro;Biblioteca SGA;Bown, Dan;O Código Da Vinci;;Arqueiro ;2004;1
339;Livro;Biblioteca SGA;Shakespeare, William, Viégas-Faria, Beatriz;Obras escolhidas;;L&PM;2016;1
343;Livro;Biblioteca SGA;Grahan, James ...[et al.], Buckingham, Will ... [et al.];O livro da Literatura;;Globo;2020;2
350;Livro;Biblioteca SGA;Austen, Jane;Orgulho e Preconceito;;Martin Claret;2018;2
351;Livro;Biblioteca SGA;Austen, Jane;Razão e Sensibilidade;;Martin Claret;2018;2
353;Livro;Biblioteca SGA;Austen, Jane;Persuasão;;Martin Claret;2018;2
354;Livro;Biblioteca SGA;Austen, Jane;Emma;;Martin Claret;2018;2
356;Livro;Biblioteca SGA;Kafka, Franz;O Processo;;Martin Claret;2011;2
357;Livro;Biblioteca SGA;Shelley, Mary;"Frankstein, O  médico e o monstro; drácula";;Martin Claret;2017;1
359;Livro;Biblioteca SGA;Gruen, Sara;Água para Elefantes;;Arqueiro ;2007;3
361;Livro;Biblioteca SGA;García, Gabriel Márquez;Cem anos de solidão;;Record ;2017;2
365;Livro;Biblioteca SGA;Guaarder, Jostein;O mundo de Sofia;;Companhia das Letras;2012;1
368;Livro;Biblioteca SGA;Dumas Filhos, Alexandre;A Dama das Camélias ;;Martin Claret;2014;1
369;Livro;Biblioteca SGA;Boyne, John;O menino do pijama listrado;;Companhia das Letras;2007;1
370;Livro;Biblioteca SGA;Naifeh, Steven;Van Gogh;a vida;Companhia das Letras;2012;1
371;Livro;Biblioteca SGA;Benítez, J.J.;Cavalo de troia 5;Cesareia ;Planeta do Brasil;2016;2
372;Livro;Biblioteca SGA;Benítez, J.J.;Cavalo de troia 9;Caná;Planeta do Brasil;2011;2
373;Livro;Biblioteca SGA;Twain, Mark;As aventuras de Huckleberry Finn;;L&PM;2011;2
374;Livro;Biblioteca SGA;Cervantes Saavedra, Miguel de;O engenhoso fidalgo;Dom Quixote de la Mancha;Martin Claret;2016;2
376;Livro;Biblioteca SGA;Lloyd, John;O Livro da ignôrancia generalizada;;Record ;2012;1
379;Livro;Biblioteca SGA;Hugo, Victor;Os miseráveis;;Martin Claret;2014;1
380;Livro;Biblioteca SGA;Hawthorne, Nathaniel;A Letra Escarlate;;Martin Claret;2016;2
382;Livro;Biblioteca SGA;Tolstói, Liev;Guerra e Paz I;;Companhia das Letras;2017;1
383;Livro;Biblioteca SGA;Steinbeck, John;As vinhas da ira;;BestBolso;2018;2
385;Livro;Biblioteca SGA;Spyri, Johana, Janini, Karina;Heidi, a menina dos Alpes 1;tempo de viajar e aprender;Autêntica Editora;2019;1
386;Livro;Biblioteca SGA;Sohr, Eduardo;A batalha do apocalipse;da queda dos anjos ao crepúsculo do mundo;Verus;2014;2
388;Livro;Biblioteca SGA;Sousa, Mauricio de;Cebolinha;planos infalíveis;Panini Books;2018;2
389;Livro;Biblioteca SGA;Austen, Jane;A abadia de Northanger;;Martin Claret;2018;2
392;Livro;Biblioteca SGA;Cordenonsi, A. Z.;Sherlock e os aventureiros 1;o mistério dos planos roubados;AVEC Editora;;3
393;Livro;Biblioteca SGA;Del, Col, Anthony;Assassin´s Creed;julgmento pelo Fogo;Panini Books;2018;2
395;Livro;Biblioteca SGA;Green, John, Romeiro, Juliana;Cidades de papel;;Intrínseca;2013;1
399;Livro;Biblioteca SGA;Osa, Nancy;A batalha da Coluna Zumbi;os guardiões do Mundo da Superficie;Nemo;2015;1
401;Livro;Biblioteca SGA;Cordenonsi, A. Z.;Le Chevalier e a exposição universal;;AVEC Editora;2014;2
402;Livro;Biblioteca SGA;Júnior Azevedo, Aluísio;Um novo cheiro de Café;;CJA Edições;2014;1
406;Livro;Biblioteca SGA;Lasky, Katheryn;A lenda dos guardiões 10;a vinda de Hoolea vinda de Hoole;Fundamento educacional;2013;2
408;Livro;Biblioteca SGA;Lima, Diógenes da Cunha;Memórias das águas;;Lidador;2005;1
409;Livro;Biblioteca SGA;King, Stephen;N.;;Darkside books;2018;1
412;Livro;Biblioteca SGA;Carneiro, Caio;Seja Foda!;fliz, otimista, determinado, abundante;Buzz Editora ;2017;1
416;Livro;Biblioteca SGA;Shakespeare, William, Viégas-Faria, Beatriz, Fernandes, Millôr;Obras escolhidas de William Shakespeare;;L&PM Pocket;2012;1
417;Livro;Biblioteca SGA;Saint-Exupery, Antoine de;O pequeno príncipe;;Giz Ediora;2015;2
451;Livro;Biblioteca SGA;Negreiros, Armando;A folga da dobra;;Pandora Comunicação;2005;1
453;Livro;Biblioteca SGA;MTC, Douglas;Betina Vlad e o castelo da noite eterna;;AVEC Editora;2018;2
454;Livro;Biblioteca SGA;;Xadrez;;DCL;2004;4
463;Livro;Biblioteca SGA;Dantas, Djacir;Música, arte e genialidade;;Jovens Escribas;2017;1
467;Livro;Biblioteca SGA;CARVALHO, Jadson;Névoa na escuridão;;CJA Edições;2017;2
469;Livro;Biblioteca SGA;Grahan, James ...[et al.], Trope, Christopher ...[et al.];O livro da Sociologia;;Globo;2020;2
479;Livro;Biblioteca SGA;Zusak Markus;A menina que roubava livros;;Intrínseca;2010;2
482;Livro;Biblioteca SGA;Knud, Illeris;Teorias Contemporâneas da aprendizagem;;Penso;2013;2
483;Livro;Biblioteca SGA;Lemov, Doug.;Aula nota 10 2.0;62 técnicas para melhorar a gestão da sala de aula.;Penso;2018;2
484;Livro;Biblioteca SGA;LOVECRAFT, H.p.;Grandes Contos ;;Martin Claret;2018;1
485;Livro;Biblioteca SGA;Zabala, Antoni;A prática educativa;como ensinar;Artmed;1998;1
487;Livro;Biblioteca SGA;Tardif, Maurice;Saberes Docentes e formação Profissional;;Vozes;2018;1
488;Livro;Biblioteca SGA;Santos, Milton;Por uma outra globalização;;Record ;2018;2
490;Livro;Biblioteca SGA;Price, Lissa;Starters;;Novo Conceito;2012;1
491;Livro;Biblioteca SGA;Price, Lissa;Enders;;Novo Conceito;2012;1
492;Livro;Biblioteca SGA;Terrill, Cristin;Todos os nossos ontens;;Novo Conceito;2015;1
493;Livro;Biblioteca SGA;Terrill, Cristin;Tempest;;Jangada;2012;1
494;Livro;Biblioteca SGA;Terrill, Cristin;Timestorm;;Jangada;2014;1
495;Livro;Biblioteca SGA;Terrill, Cristin;Vortex;;Jangada;2013;1
496;Livro;Biblioteca SGA;Bender, William N.;Aprendizagem baseada em projetos;educação diferenciada para o século XXI;Penso;2014;1
503;Livro;Biblioteca SGA;Davis, Ronald D.;O dom da dislexia;o novo método revolucionário de correção da dislexia e de outros transtornos de aprendizagem ;Rocco;2004;2
509;Livro;Biblioteca SGA;Spyri, Johana, Janini, Karina;Heidi, a menina dos Alpes 2;tempo de usar o que aprendeu;Autêntica Editora;2019;1
515;Livro;Biblioteca SGA;Brown, Dan;Fortaleza digital;;Sextante ;2005;1
516;Livro;Biblioteca SGA;Damen, Robbert, Geeven, Geert, Cronemberger, Carolina;Guardiã;sir Godfried: srta. Banning: doctor Lowe;AVEC Editora;2016;3
519;Livro;Biblioteca SGA;Lasky, Katheryn;A lenda dos guardiões;os contos perdidos de Ga'Hoole;Fundamento educacional;2014;2
520;Livro;Biblioteca SGA;Ferris, Julie;ideias que revolucionaram o mundo;;Publifolha;2011;1
522;Livro;Biblioteca SGA;;Arquitectura no século XX;;Taschen ;2001;1
526;Livro;Biblioteca SGA;O'Donnell Kevin;Conhecendo o mundo;;Rosari;2007;1
527;Livro;Biblioteca SGA;Self, David;Religiões do mundo;;Paulinas;2009;1
528;Livro;Biblioteca SGA;Santos, Francisco Canindé dos;fé x razão ou fé + razão;;CJA Edições;2013;1
529;Livro;Biblioteca SGA;;Os meus dias mais felizes ;;CMS Editora;2011;1
530;Livro;Biblioteca SGA;Ambalu, Shulamit ... [et al.], Alexander  Bruno;O livro das Religiões;;Globo;2020;2
532;Livro;Biblioteca SGA;Smith, Tom Rob;Criança 44;;Record ;2008;1
533;Livro;Biblioteca SGA;Brandão,Sérgio;Futebol;a bola contas sua história;Ciranda Cultural;2014;1
534;Livro;Biblioteca SGA;Goleman, Daniel;Inteligência emocional;a teoria revolucionária que redefine o que é ser inteligente;Objetiva;2012;2
535;Livro;Biblioteca SGA;Grahan, James ...[et al.], Wilkinson, Philip;O livro da Mitologia ;;Globo;2020;2
536;Livro;Biblioteca SGA;McCam, Hannah... [et al.];O livro do Feminismo;;Globo;2020;2
537;Livro;Biblioteca SGA;Yousafzai, Malala;Eu sou Malala;;Companhia das Letras;1. ed.;3
538;Livro;Biblioteca SGA;Leigh, Danny ... [et al.], Nuno, Fernando;O livro do Cinema ;;Globo;2020;2
539;Livro;Biblioteca SGA;Bugler, Caroline et al.;O Livro da Arte;;Global Editora;2020;2
540;Livro;Biblioteca SGA;Grahan, James ...[et al.], Kischtainy, Niall ... [et al.];O livro da Economia;;Globo;2020;2
541;Livro;Biblioteca SGA;Longo, Rafael .., [et al.];O livro dos Negócios;;Globo;2020;2
542;Livro;Biblioteca SGA;Hart-Davis, Adam et al.;O Livro da Ciência ;;Global Editora;2020;2
543;Livro;Biblioteca SGA;Paul, Kelly et al.;O Livro da Política;;Globo;2020;2
544;Livro;Biblioteca SGA;Schoeder, Julia ... [et al.];O livro da Ecologia;;Globo;2020;2
547;Livro;Biblioteca SGA;;O mundo das copas;as curiosidades, os momentos histórcos e os principais lances do maior espetáculo do esporte mundial;Lua de Papel;2010;1
548;Livro;Biblioteca SGA;Challoner, Jack , Baylis, Trevor;1001 invenções que mudaram o mundo;;Sextante ;2010;1
549;Livro;Biblioteca SGA;Goldstone, Nancy ;A donzela e a rainha;a história secreta de Joana D'arc;Seoman;2013;2
550;Livro;Biblioteca SGA;Academia Brasileira de Literatura de Cordel;100 cordéis históricos segundo a Academia de Literatura de Cordel;;Queima-Bucha;2008;1
551;Livro;Biblioteca SGA;Academia Brasileira de Literatura de Cordel;100 cordéis históricos segundo a Academia Brasileira de Literatura de Cordel;;Queima-Bucha;2008;1
552;Livro;Biblioteca SGA;Lobato, Monteiro;O saci;;Globinho;2016;3
553;Livro;Biblioteca SGA;Lobato, Monteiro, Moraes, Odilon;O minotauro;;Globinho;2017;3
557;Livro;Biblioteca SGA;Ziraldo;Maluquinho por esporte;;Globinho;2015;2
558;Livro;Biblioteca SGA;Ziraldo;Diário da Julieta;as histórias mais secretas da Menina Maluquinha;Global Editora;2017;2
559;Livro;Biblioteca SGA;Ziraldo;Diário da Julieta 3;o blog de férias da Menina Maluquinha;Globinho;2017;2
560;Livro;Biblioteca SGA;Ziraldo;Diário da Julieta 2;as hstórias mais secretas da Menina Maluquinha ;Globinho;2017;2
561;Livro;Biblioteca SGA;Ziraldo;Maluquinho por Futebol;as histórias mais malucas sobre a maior paixão do Brasol;Globinho;2010;2
566;Livro;Biblioteca SGA;SOBREIRA, Araceli;O espelho de Eloísa;e outras história de mulheres sábias;CJA Edições;2018;1
567;Livro;Biblioteca SGA;Lobato, Monteiro;O problema vital, Jeca Tatu e outros textos;;Globo;2010;2
568;Livro;Biblioteca SGA;Lobato, Monteiro, Le Blanc, André, Wise, K., Campos, J.;Caçadas de Pedrinho;;Biblioteca Azul;2015;3
569;Livro;Biblioteca SGA;Lobato, Monteiro, Le Blanc, André, Wise, K., Campos, J.;Cidades mortas;;Biblioteca Azul;2015;2
570;Livro;Biblioteca SGA;Lobato, Monteiro, Le Blanc, André, Wise, K., Campos, J.;América;;Globo;2009;2
571;Livro;Biblioteca SGA;SOUSA, Weid;Circo de poesias;;Ed. do autor;2018;2
572;Livro;Biblioteca SGA;Lobato, Monteiro, Guazzelli;A reforma da natureza;;Globinho;2016;3
573;Livro;Biblioteca SGA;Lobato, Monteiro, Guazzelli;Viagem ao céu;;Globinho;2016;3
574;Livro;Biblioteca SGA;Lobato, Monteiro, Teixeira, Elisabeth;Histórias diversas ;;Globinho;2017;3
575;Livro;Biblioteca SGA;Lobato, Monteiro;Dom quixote das crianças;;Globinho;2017;3
576;Livro;Biblioteca SGA;Frank, Anne, Frank, Otto H., Pressler, Mirjam;O Diário de Anne Frank;;Record ;2018;2
577;Livro;Biblioteca SGA;Lobato, Monteiro, Guazzelli;O picapau amarelo;;Globinho;2016;3
578;Livro;Biblioteca SGA;Lobato, Monteiro, Maia, Luiz;Aventuras de Hans Staden;;Globinho;2017;3
579;Livro;Biblioteca SGA;Lobato, Monteiro, Salomão, Fabiana;Peter Pan;;Globinho;2018;2
580;Livro;Biblioteca SGA;Lobato, Monteiro, Guazzelli;Caçadas de Pedrinho;;Globinho;2016;3
581;Livro;Biblioteca SGA;Lobato, Monteiro, Linhares, Alcy;Fábulas;;Globinho;2017;2
582;Livro;Biblioteca SGA;Grisham, John , Rodrigues, Aulyde Soares;O advogado;;Rocco;1998;1
583;Livro;Biblioteca SGA;Hawking, Stephen William, Raposo, Alexandre, Campos, Julia Sobral, Dias, Maria Carmelita ;Uma breve história do tempo;;Intrínseca;2013;1
584;Livro;Biblioteca SGA;Ribeiro, Darcy, Cardoso, Ana Paula;O povo brasileiro;a formação e o sentido do Brasil;Global Editora;2015;2
585;Livro;Biblioteca SGA;Hawking, Stephen William;O universo numa casca de noz;;Intrínseca;2016;2
586;Livro;Biblioteca SGA;José de Castro, Alexandre Souza, Castro, José de , Souza, Alexandre;Poemas bricantes;;CJA Edições;2017;2
587;Livro;Biblioteca SGA;Sirett, Dawn;Tratozinho e seus amigos;;Publifolha;2009;1
588;Livro;Biblioteca SGA;Byrne, Rhonda;O segredo;;Sextante ;2015;2
589;Livro;Biblioteca SGA;;Desafiadores do destino;disputa pelo controle;AVEC Editora;2018;2
590;Livro;Biblioteca SGA;Lobato, Monteiro, Stil;O minotauro;;Globo;2009;1
591;Livro;Biblioteca SGA;Cordenonsi, A. Z.;Sherlock e os aventureiros 3;o caso da conspiração biológica;AVEC Editora;2020;3
592;Livro;Biblioteca SGA;Ziraldo;Julieta no mundo da culinária;;Global Editora;2017;2
593;Livro;Biblioteca SGA;Ziraldo;Aventuras de Julieta;;Global Editora;2017;2
594;Livro;Biblioteca SGA;Ziraldo;Esportes Radicias;;Global Editora;2017;2
595;Livro;Biblioteca SGA;Ziraldo;Bocão e os bichos;;Global Editora;2010;2
596;Livro;Biblioteca SGA;Ziraldo;Viagens da Carolina;;Global Editora;2017;2
597;Livro;Biblioteca SGA;Ziraldo;Lúcio e os livros;;Global Editora;2017;2
598;Livro;Biblioteca SGA;Ziraldo;Pra que dinheiro?;;Global Editora;2017;2
599;Livro;Biblioteca SGA;Ziraldo;Shirley Valéria tá na moda;;Global Editora;2008;2
600;Livro;Biblioteca SGA;Ziraldo;O som da turma ;;Globinho;2009;2
601;Livro;Biblioteca SGA;Ziraldo;O Japão dos brasileiros;;Globinho;2010;2
602;Livro;Biblioteca SGA;Lobato, Monteiro, Arcon, Fernando;História do mundo para crianças;edição comentada;Globo;2015;1
603;Livro;Biblioteca SGA;Lobato, Monteiro, Fukue, Roberto;Geografia de Dona Benta;edição comentada;Globo;2013;1
604;Livro;Biblioteca SGA;Lobato, Monteiro, Oshei, Gomes, Hector;Emília no país da gramática;edição comentada;Globo;2009;1
605;Livro;Biblioteca SGA;Lobato, Monteiro, Simas, André;Dom quixote das crianças;;Globinho;2017;1
606;Livro;Biblioteca SGA;Lobato, Monteiro, Stil, Ortega, Denise, Arcon;Aventuras de Hans Staden;;Globinho;2009;1
607;Livro;Biblioteca SGA;Ziraldo;Maluquinho de família;;Globinho;2013;2
608;Livro;Biblioteca SGA;Ziraldo;25 anos do Menino Maluquinho;;Globinho;2013;2
609;Livro;Biblioteca SGA;Ziraldo;Maluquinho assombrado;;Globinho;2013;2
610;Livro;Biblioteca SGA;Ziraldo;Maluquinho por bichos;uma seleção de histórias maluquinhas com mascotes e outros bichos ;Globinho;2013;2
611;Livro;Biblioteca SGA;Lobato, Monteiro, Martins, Cláudio;Histórias de Tia Nastácia;;Globinho;2017;2
612;Livro;Biblioteca SGA;Ziraldo;As aventuras da Professora Maluquinha;;Globinho;2010;2
613;Livro;Biblioteca SGA;Ziraldo;Viagens muito maluquinhas;;Globinho;2015;2
614;Livro;Biblioteca SGA;Ziraldo;Maluquinho pega na mentira;;Globinho;2013;2
615;Livro;Biblioteca SGA;Ziraldo;Maluquinho por arte;hsitórias em que a Turma pinta e borda;Globinho;2010;2
616;Livro;Biblioteca SGA;Ziraldo;Maluquinho pelo mundo;;Globinho;2012;2
617;Livro;Biblioteca SGA;Ziraldo;A panela do Menino Maluquinho;;Globinho;2010;2
618;Livro;Biblioteca SGA;Ziraldo;Três vezes Maluquinho;;Globinho;2011;2
619;Livro;Biblioteca SGA;Ziraldo;Maluquinho por festas;as melhores baladas dos quadrinhos do Menino Maluquinho;Globinho;2009;2
620;Livro;Biblioteca SGA;Ziraldo;Grande Junim;histórias do maior baixinho da Turma do Menino Maluquinho;Globinho;2012;2
621;Livro;Biblioteca SGA;Ziraldo;Histórias da Carolina;A menina sonhadora que quer mudar o mundo;Globinho;2007;2
622;Livro;Biblioteca SGA;Ziraldo;Coisas de menina;histórias que revelam o que é ser Menina Maluquinha;Globinho;2011;2
623;Livro;Biblioteca SGA;Ziraldo;Descobertas da Nina;histórias e travessuras da caçulinha da Turma do Maluquinho;Globinho;2011;2
624;Livro;Biblioteca SGA;Ziraldo;A turma do Pererê;coisas do coração;Globinho;2009;2
625;Livro;Biblioteca SGA;Ziraldo;A turma do Pererê;365 dias na Mata do Fundão;Globinho;2009;2
626;Livro;Biblioteca SGA;Ziraldo;A turma do Pererê;as manias do Tininim;Globinho;2009;2
627;Livro;Biblioteca SGA;Cury, Augusto;Você é insubstituível;este livro revela a sua biografia;Sextante ;2018;2
628;Livro;Biblioteca SGA;Abrano, Sandra;Vestígios;mortes nem um pouco naturais;Bandeirola;2018;3
629;Livro;Biblioteca SGA;Lasky, Katheryn;A lenda dos guardiões;o guia da grande árvore Ga'Hoole;Fundamento Editora;2014;2
630;Livro;Biblioteca SGA;Lasky, Katheryn;A lenda dos guardiões 12 ;a árvore dourada ;Fundamento Editora;2013;2
631;Livro;Biblioteca SGA;Lasky, Katheryn;A lenda dos guardiões 11;ser rei;Fundamento Editora;2013;2
632;Livro;Biblioteca SGA;Lobato, Monteiro, Guazzelli;O saci;;Globinho;2016;3
633;Livro;Biblioteca SGA;Lobato, Monteiro, Guazzelli;Memórias da Emília;;Globinho;2016;3
634;Livro;Biblioteca SGA;Lobato, Monteiro, Eich, Cris;Os doze trabalhos de Hércules 2;;Globinho;2018;2
635;Livro;Biblioteca SGA;Lobato, Monteiro, Eich, Cris;Os doze trabalhos de Hércules 1;;Globinho;2018;1
636;Livro;Biblioteca SGA;Lobato, Monteiro, Guazzelli;A chave do tamanho;;Globinho;2016;1
637;Livro;Biblioteca SGA;Lobato, Monteiro;Reinações de Narizinho;;Globo;2014;3
638;Livro;Biblioteca SGA;Lobato, Monteiro;Reinações de Narizinho;;Globinho;2016;2
639;Livro;Biblioteca SGA;Austen, Jane;Mansfield Park;;Martin Claret;2018;2
642;Livro;Biblioteca SGA;Lobato, Monteiro;Ideias de Jeca Tatu;;Globo;2009;2
643;Livro;Biblioteca SGA;Lobato, Monteiro;Literatura do Minarete;;Globo;2009;2
644;Livro;Biblioteca SGA;Lobato, Monteiro;Urupês;;Globo;2009;2
645;Livro;Biblioteca SGA;Lobato, Monteiro;O macaco que se fez homem;;Globo;2010;2
646;Livro;Biblioteca SGA;Lobato, Monteiro;O presidente negro;;Globo;2009;2
647;Livro;Biblioteca SGA;Lobato, Monteiro, Rangel, Godofredo;A barca de Gleyre;;Globo;2010;2
648;Livro;Biblioteca SGA;Lobato, Monteiro, Rangel, Godofredo;Cartas de amor;;Globo;2011;2
649;Livro;Biblioteca SGA;Lobato, Monteiro;Mister Slang e o Brasil;;Globo;2008;2
650;Livro;Biblioteca SGA;Lobato, Monteiro;O Saci-Pererê;resultado de um inquérito;Globo;2008;2
651;Livro;Biblioteca SGA;Lobato, Monteiro;Conferências, artigos e crônicas;;Globo;2010;2
652;Livro;Biblioteca SGA;Cury, Augusto;Treine o seu cérebro para provas;;Método;2018;2
653;Livro;Biblioteca SGA;Lobato, Monteiro;Prefácios e entrevistas;;Globo;2009;2
654;Livro;Biblioteca SGA;Lobato, Monteiro;Fragmentos, opiniões e miscelânea;;Globo;2010;2
655;Livro;Biblioteca SGA;Couto, Mia;O fio das missangas;;Companhia das Letras;2009;2
656;Livro;Biblioteca SGA;SANTOS, Clécia;Angel, brisas e poesias;;Offset;2014;4
662;Livro;Biblioteca SGA;Lobato, Monteiro, Guazzelli;Viagem ao céu;;Ciranda Cultural;2019;2
663;Livro;Biblioteca SGA;Santos, José Luiz dos;O que é cultura;;Brasiliense;2017;2
664;Livro;Biblioteca SGA;Silva, Janduhi Medeiros de Souza e;Calçada de bodega;;Edição do autor;2013;1
665;Livro;Biblioteca SGA;;Romanceiro da Inconfidência ;;Nova Fronteira;2005;2
666;Livro;Biblioteca SGA;Gaiman, Neil, Barreiros, Edmundo;Mitologia Nórdica;;Intrínseca;2017;5
667;Livro;Biblioteca SGA;Lezzi, Gelson;Fundamentos de matemática Elementar 1;Conjuntos, funções ;Atual ;2013;2
668;Livro;Biblioteca SGA;Lezzi, Gelson;Fundamentos de matemática elementar 2;Logaritmos ;Atual ;2013;2
669;Livro;Biblioteca SGA;Green, John, Barreiros, Edmundo;Quem é você, Alasca?;;Intrínseca;2015;4
670;Livro;Biblioteca SGA;Lezzi, Gelson;Fundamentos de Matemática elementar 3;Trigonometria ;Atual ;2013;2
671;Livro;Biblioteca SGA;Lezzi, Gelson;Fundamentos de Matemática Elementar 4;Sequências, matrizes determinantes e sistemas ;Atual ;2013;2
672;Livro;Biblioteca SGA;Kruszelnicki, Karl;Grandes mitos da ciência;;Fundamento educacional;2013;6
673;Livro;Biblioteca SGA;Lezzi, Gelson;Fundamentos de Matemática elementar 6;complexos polinômios equações ;Atual ;2013;2
674;Livro;Biblioteca SGA;Lezzi, Gelson;Fundamentos de matemática Elementar 7;Geometria analítica;Atual ;2013;2
675;Livro;Biblioteca SGA;Lezzi, Gelson;Fundamentos de matemática elementar 8;Limites, derivadas, noções de integral;Atual ;2013;2
676;Livro;Biblioteca SGA;Lezzi, Gelson;Fundamentos de matemática elementar 11;Matemática comercial, matemática financeira , estatística descritiva ;Atual ;2013;2
679;Livro;Biblioteca SGA;Acopiara, Moreira, Ramos, Severino;Canudos e a saga de Antônio Conselheiro;;Duna Dueto;2013;2
680;Livro;Biblioteca SGA;Acopiara, Moreira, Behar, Michelle;Medo ? Eu, hem ?;;Duna Dueto;2009;2
681;Livro;Biblioteca SGA;Stumpenhors, Josh, Joscelyne, Vera;A nova revolução do professor;práticas pedagógicas para ma nova geração de aluno;Vozes;2018;3
682;Livro;Biblioteca SGA;Federici, Silvia;Calibã e a bruxa;mulheres, corpo e acumulação primitiva;Elefante;2017;3
683;Livro;Biblioteca SGA;Bond, Gwenda;Stranger Things;raízes do mal;Intrínseca;2019;4
684;Livro;Biblioteca SGA;Bond, Gwenda;Stranger Things;cidade nas trevas;Intrínseca;2019;4
685;Livro;Biblioteca SGA;King, Stephen;Cujo;;Suma das Letras;2016;4
686;Livro;Biblioteca SGA;King, Stephen;A hora do Lobisomen;;Suma das Letras;2017;4
687;Livro;Biblioteca SGA;King, Stephen;It: a coisa;;Objetiva;2014;3
688;Livro;Biblioteca SGA;Staunton, Ted;Os sete;como nos filmes;Fundamento Editora;2015;2
689;Livro;Biblioteca SGA;Wilson, Jonh;Os sete;causa perdida;Fundamento Editora;2015;2
690;Livro;Biblioteca SGA;Walters, Eric;Os sete;entre o céu e a terra;Fundamento Editora;2015;2
691;Livro;Biblioteca SGA;Park, Mac;Boy x beast 1;batalha dos mundos: aquatan;Fundamento Editora;2013;2
693;Livro;Biblioteca SGA;Fayet, Eduardo Alves, Reis, Dalcio, Rocca, Edgar, Reis Junior, Dalcio, Lopes, Fernanda;Gerenciar a inovação;um desafio para as empresas;IEL/PR;2010;2
694;Livro;Biblioteca SGA;Tudor, C.J.;O Homem de Giz ;;Intrínseca;2018;2
696;Livro;Biblioteca SGA;Aveyard, Victoria , Clemente, Cristian;A Rainha vermelha ;; Editora Seguinte ;2015;2
697;Livro;Biblioteca SGA;Aveyard, Victoria ;Espada de Vidro ;;Editora Seguinte ;2016;2
698;Livro;Biblioteca SGA;Aveyard, Victoria ;A prisão do rei ;;Editora Seguinte ;2017;3
700;Livro;Biblioteca SGA;Park, Mac;Boy x beast 2;batalha dos mundos: terradon;Fundamento Editora;2013;2
701;Livro;Biblioteca SGA;CLEAVE, Paul ;Herdeiro da escuridão ;;Fundamento educacional;2011;2
702;Livro;Biblioteca SGA;Assis, Machado de, Mir, Alex, Majada, Caio;Dom Casmurro;em quadrinho;Ciranda Cultural;2019;2
703;Livro;Biblioteca SGA;Azevedo, Aluísio, Rosa, Franco de, Rosado, Marcus;O cortiço;em quadrinhos;Ciranda Cultural;2019;2
704;Livro;Biblioteca SGA;Alencar, José de, Rosa, Franco de, Garcia, Arthur;Senhora;em quadrinhos;Ciranda Cultural;2019;2
705;Livro;Biblioteca SGA;Lobato, Monteiro, Silva, Fendy;Caçadas de Pedrinho;em quadrinhos;Ciranda Cultural;2016;2
706;Livro;Biblioteca SGA;Park, Mac;Boy x beast 3;batalha dos mundos: infernix;Fundamento Editora;2013;2
707;Livro;Biblioteca SGA;Park, Mac;Boy x beast 4;batalha dos mundos: tornados;Fundamento Editora;2013;2
708;Livro;Biblioteca SGA;Martins, Carlos Benedito;O que é Sociologia;;Brasiliense;2013;2
709;Livro;Biblioteca SGA;Bamam, Charles, Paz, Eriwelton, Pesso, Rodrigo Luiz Silva;O salto do gato;;Editora do IFRN;2019;2
710;Livro;Biblioteca SGA;Lobato, Monteiro;Urupês;e outros contos ;Ciranda Cultural;2019;1
711;Livro;Biblioteca SGA;Yancey, Rick;A quinta onda 1;;Editora Fundamentos ;2013;2
712;Livro;Biblioteca SGA;Abella, Deborah;Cidade Submersa;;Editora Fundamentos ;2014;2
713;Livro;Biblioteca SGA;Malerman, Josh;Caixa de pássaros ;;Intrínseca;2015;2
714;Livro;Biblioteca SGA;;Leveza infinita;;CJA Edições;2014;1
715;Livro;Biblioteca SGA;Assis, Machado de;Memórias póstumas de Brás Cubas;em quadrinhos;Ciranda Cultural;2019;2
716;Livro;Biblioteca SGA;Saint-Exupery, Antoine de;O pequeno príncipe;;Agir;2006;1
717;Livro;Biblioteca SGA;Dweck, Carol S.;Mindset;a nova psicologia do sucesso ;Objetiva;2017;2
722;Livro;Biblioteca SGA;;Versos de primeira lua;;Jovens Escribas;[s. d.];1
732;Livro;Biblioteca SGA;Varella , Drauzio ;Prisioneiras ;;Companhia das Letras;2017;1
747;Livro;Biblioteca SGA;Palumbo , Maura ;O Perfume das tulipas;;Duna Dueto;2017;2
748;Livro;Biblioteca SGA;Green, John;Tartarugas até lá embaixo;;Intrínseca;2017;2
749;Livro;Biblioteca SGA;Atwood, Margaret Eleanor;O conto da aia;;Rocco;2017;2
750;Livro;Biblioteca SGA;Palumbo , Maura ;Auschwitz: prisioneiro (sobrevivente) 186650;romance baseado na história de francisco Balkanyi;Duna Dueto;2017;3
751;Livro;Biblioteca SGA;Rowling, J. K;Animais Fantásticos:;os crimes de grindelwald;Rocco;2018;3
752;Livro;Biblioteca SGA;Carvalho, Gilberto de Abreu Sodré;O Advogado e o Imperador ;A história de um herói brasileiro ;Duna Dueto;2015;2
753;Livro;Biblioteca SGA;King, Stephen;A Pequena caixa de Gwendy;;Suma das Letras;2018;3
754;Livro;Biblioteca SGA;Atwood, Margaret Eleanor;Os testamentos;;Rocco;2019;4
755;Livro;Biblioteca SGA;FINLEY, Mark, LANDLESS, Peter;Viva com esperança;;Casa Publicadora Brasileira;2014;1
756;Livro;Biblioteca SGA;Confederação Nacional da Indústria;200 anos de independência: a indústria e o futuro do Brasil;;CNI;2022;1
757;Livro;Biblioteca SGA;King, Stephen;A metade sombria ;;Suma das Letras;2019;3
759;Livro;Biblioteca SGA;Lobato, Monteiro;Negrinha e outros contos ;;Ciranda Cultural;2019;2
760;Livro;Biblioteca SGA;Lobato, Monteiro;A chave do tamanho ;;Ciranda Cultural;2019;6
761;Livro;Biblioteca SGA;Lobato, Monteiro;Peter Pan ;;Ciranda Cultural;2019;7
762;Livro;Biblioteca SGA;Drummond, Regina ;Morte na neve ;;Duna Dueto;2018;1
766;Livro;Biblioteca SGA;King, Stephen;A incendiária ;;Suma das Letras;2018;3
767;Livro;Biblioteca SGA;King, Stephen;O iluminado ;;Objetiva;2012;3
768;Livro;Biblioteca SGA;Almeida, Silvio, Djamila, Ribeiro;Racismo estrutural;;Editora Jandaíra;2020;6
770;Livro;Biblioteca SGA;Lobato, Monteiro, Silva, Fendy;O saci;;Ciranda Cultural;2019;2
771;Livro;Biblioteca SGA;;Encontro paranormal;;CJA Edições;2014;2
772;Livro;Biblioteca SGA;Adiche, Chimamanda Ngozi, Romeu, Julia;O perigo de uma história única;;Companhia das Letras;2019;2
773;Livro;Biblioteca SGA;Sueli, Carneiro, Benedito, Vera Lúcia;Racismo, sexismo e desigualdade no Brasil;;Selo Negro;2011;6
774;Livro;Biblioteca SGA;Ribeiro, Djamila;Pequeno manual antirracista;;Editora Jandaíra;2020;6
776;Livro;Biblioteca SGA;Santo, Richard ;Maioria minorizada;um dispositivo analítico de racialidade;Telha;2020;2
777;Livro;Biblioteca SGA;Lobato, Monteiro;Reinações de Narizinho;;Ciranda Cultural;2019;2
778;Livro;Biblioteca SGA;Wiggins, Grant, McTiche;Planejamento para a compreensão;alinhando currículo, avaliação e ensino por meio do planejamento reservo;Penso;2019;6
779;Livro;Biblioteca SGA;Green, John;O teorema Katherine;;Intrínseca;2013;2
781;Livro;Biblioteca SGA;Cury, Augusto;Nunca desista de seus sonhos;;Sextante ;2015;2
782;Livro;Biblioteca SGA;Cury, Augusto;Superando o cárcere da emoção;;Planeta do Brasil;2015;3
784;Livro;Biblioteca SGA;Riter, Caio;Meu pai não mora mais aqui;;Biruta;2019;1
785;Livro;Biblioteca SGA;Lobato, Monteiro, Silva, Fendy;O picapau amarelo;;Ciranda Cultural;2019;2
786;Livro;Biblioteca SGA;Lobato, Monteiro, Silva, Fendy;Aritmética da Emília;;Ciranda Cultural;2019;2
787;Livro;Biblioteca SGA;Lobato, Monteiro, Silva, Fendy;Emília no país da gramática;;Ciranda Cultural;2019;2
788;Livro;Biblioteca SGA;Lobato, Monteiro, Silva, Fendy;O poço do Visconde;;Ciranda Cultural;2019;2
789;Livro;Biblioteca SGA;Assis, Machado de;Contos de Machado de Assis;;DCL;2003;6
790;Livro;Biblioteca SGA;Alencar, José de;Lucíola;;Martin Claret;2012;7
791;Livro;Biblioteca SGA;;Ciência para criança;uma Viagem Alucinante!;Ciranda Cultural;2012;1
792;Livro;Biblioteca SGA;BAINBRIDGE, Beryl;Cada um por si;Titanic;Companhia das Letras;1998;1
793;Livro;Biblioteca SGA;GARCÍA-CLAIRAC, Santiago;O livro invisível;;Edições SM;2015;1
794;Livro;Biblioteca SGA;Machado, Emerson;O invertigador de sótãos;;Duna Dueto;2009;1
795;Livro;Biblioteca SGA;;A legião estrangeira;;Siciliano;1992;1
796;Livro;Biblioteca SGA;Lobato, Monteiro, Simas, André;Dom quixote das crianças;;Ciranda Cultural;2019;1
797;Livro;Biblioteca SGA;RezendeEvil;Dois mundos, um herói;uma aventura não oficial da Minecraft;Objetiva;2015;1
798;Livro;Biblioteca SGA;Machado, Emerson;Diamantes invisíveis;lapide seus sentimentos. Use a neuroplasticidade;Gente;2022;3
799;Livro;Biblioteca SGA;PRIORE, Mary del;A viagem proibida;nas trilhas do outro;Planeta;2013;1
800;Livro;Biblioteca SGA;Cury, Augusto;O futuro da humanidade;;Arqueiro ;2005;2
801;Livro;Biblioteca SGA;HAZZAN, Samuel;Fundamentos de matemática elementar 5;combinatória, probabilidade;Atual ;2013;2
802;Livro;Biblioteca SGA;DOLCE, Osvaldo, POMPEO, José Nicolau;Fundamentos de matemática elementar10;geometria espacial, posição e métrica;Atual ;2013;2
803;Livro;Biblioteca SGA;DOLCE, Osvaldo, POMPEO, José Nicolau;Fundamentos de matemática elementar 9;geometria plana;Atual ;2013;2
804;Livro;Biblioteca SGA;Sacristán, José Gimeno, Salvaterra, Alexandre, Arroyo, Miguel González;Saberes e incertezas sobre o currículo;;Penso;2013;6
806;Livro;Biblioteca SGA;Humphreys, Cathy, Parker, Ruth, Rosa, Sandra Maria Mallmann, Simões, Maria César Gonçalves, Hauus, Márcia Maria de Freitas;Conversas númericas;;Penso;2019;1
807;Livro;Biblioteca SGA;Weinstein, Carol Simon, Novodvrsky, Ingrid;Gestão da sala de aula;lições da pesquisa e da prática para ;AMGH;2015;6
808;Livro;Biblioteca SGA;;Avaliação educacional e promoção escolar;;InterSaberes;2013;6
809;Livro;Biblioteca SGA;Gomes, Nilma Lino;O movimento negro educador;saberes construídos nas lutas por emancipação;Vozes;2017;6
810;Livro;Biblioteca SGA;Freire, Paulo;Pedagogia do oprimido ;;Paz e Terra;2022;6
811;Livro;Biblioteca SGA;Freire, Paulo;Pedagogia da autonomia;saberes necessários à prática educativa;Paz e Terra;2022;6
812;Livro;Biblioteca SGA;Bergmann, Jonathan;Aprendizagem invertida para resolver o problema do dever de casa;;Penso;2018;6
813;Livro;Biblioteca SGA;Burgos, Marcelo Baumann;A escola e o mundo do aluno;estudos sobre a construção social do aluno e o papel institucional da escola;Garamond;2014;6
814;Livro;Biblioteca SGA;Zabala, Antoni;Como trabalhar os conteúdos procedimentais em aula;;Artmed;1999;6
815;Livro;Biblioteca SGA;Moreira, Márcio Borges, Medeiros, Carlos Augusto de ;Princípios básicos de análise do comportamento;;Artmed;2019;6
816;Livro;Biblioteca SGA;Darling-Hammond, Linda, BRANSFORD, John;Preparando os professores para um mundo em transformação;o que devem aprender e estar aptos a fazer;Penso;2019;6
818;Livro;Biblioteca SGA;Freire, Paulo;Pedagogia da autonomia;saberes necessários à prática educativa;Paz e Terra;1996;3
819;Livro;Biblioteca SGA;Araújo, Amaro Sales de;O Rio Grande do Norte que todos queremos;reflexões, ideias e propostas sobre o RN em artigos;FIERN;2022;2
820;Livro;Biblioteca SGA;Araújo, Amaro Sales de;Um olhar e uma voz em favor do desenvolvimento;discursos proferidos como presidente da FIERN;FIERN;2023;4
821;Livro;Biblioteca SGA;Ribeira, Vera;O nome do vento;;Arqueiro ;2009;1
823;Livro;Biblioteca SGA;Browne, Dik;O melhor de Hagar, o horrível;;L&PM;2005;1
824;Livro;Biblioteca SGA;Prado Júnior, Caio;O que é filosofia;;Brasiliense;2014;2
825;Livro;Biblioteca SGA;Assis, Machado de;Memórias póstumas de Brás Cubas;;DCL;2010;7
826;Livro;Biblioteca SGA;Gomes, Laurentino;1822;Como um homem sábio, uma princesa triste e um escocês louco por dinheiro ajudaram Dom Pedro a criar o Brasil-um país que tinha tudo pra dar errado.;Nova Fronteira;2010;1
827;Livro;Biblioteca SGA;;Uma breve introdução à Filosofia;;Martins Fontes;2001;1
828;Livro;Biblioteca SGA;Santos, Celeste Leite dos;Crimes contra o meio ambiente ;responsabilidade e sanção penal;Editora Juarez de Oliveira;2012;1
829;Livro;Biblioteca SGA;RAMOS, Graciliano;S.Bernardo;;Record ;2014;2
830;Livro;Biblioteca SGA;Lispector, Clarice;Laços de família;contos;Francisco Alves;1997;1
831;Livro;Biblioteca SGA;Assis, Machado de;Dom Casmurro;;FTD;1999;1
832;Livro;Biblioteca SGA;Assis, Machado de;Dom Casmurro;;Harbra;2009;6
833;Livro;Biblioteca SGA;Assis, Machado de;Dom Casmurro;;Editora Educacional;2006;1
834;Livro;Biblioteca SGA;;O rapto do garoto de outro;;Globo;2005;5
845;Livro;Biblioteca SGA;Ripley. Robert Le Roy, Coutinho, Sonia;Acredie se quiser!;;Relume Dumará;2005;1
846;Livro;Biblioteca SGA;Lobato, Monteiro;Serões de Dona Benta;;Ciranda Cultural;2019;1
847;Livro;Biblioteca SGA;Lobato, Monteiro, Guazzelli;Memórias da Emília;;Ciranda Cultural;2019;2
848;Livro;Biblioteca SGA;PINHEIRO, Xavier J.p.;Divina Comédia;Dante Alighieri;Martin Claret;2013;2
849;Livro;Biblioteca SGA;Shakespeare, William, Fernandes, Millôr;Shakespeare traduzido por Millôr Fernandes;;L&PM Pocket;2014;1
850;Livro;Biblioteca SGA;;Família composta;;Ministério da Educação;2006;3
851;Livro;Biblioteca SGA;Gianfrancesco, Guarnieri;Eles não usam black-tie;;Civilização Brasileira;2008;1
852;Livro;Biblioteca SGA;Medeiros, Marcos Antônio de Andrade;Luiz Gonzaga em cordel;homenagem de 14 cordelistas da Academia Norte rio-grandense de Literatura de Cordem em comemoração pelo Centenário de nascimento do Rei do Baião;EDUFRN;2012;1
853;Livro;Biblioteca SGA;LIMA, Síria Sousa de;Contos encantados em Cordel;;CJA Edições;2013;1
854;Livro;Biblioteca SGA;Twain, Mark;Aventuras de Tom Sawyer;;Autêntica Editora;2019;2
855;Livro;Biblioteca SGA;Soalheiro, Bárbara, Negreiros;Como fazíamos sem...;;Panda;2006;1
856;Livro;Biblioteca SGA;Cury, Augusto;O código da inteligência;a formação de mentes brilhantes e a busca pela excelência emocional e profissional;Ediouro ;2008;1
857;Livro;Biblioteca SGA;Castro, Celso;Textos básicos de sociologia;de Karl Marx a Zygmunt Bauman;Zahar;2014;1
862;Livro;Biblioteca SGA;Jesus, Carolina Maria de, Felipe, Vinicius;Quarto de despejo;;Atica;2014;2
863;Livro;Biblioteca SGA;Paterson, Katherine, Machado, Ana Maria;Ponte para Terabítia;;Moderna;2006;1
864;Livro;Biblioteca SGA;Orwell, George, Pisetta, Lenita Maria Rimoli;1984;;Martin Claret;2021;2
865;Livro;Biblioteca SGA;Fialho, Carlos;Crônicas na escola;;Escribas;2024;10
866;Livro;Biblioteca SGA;Fialho, Carlos;Crônicas na escola;volume 1;Escribas;2019;2
867;Livro;Biblioteca SGA;Fialho, Carlos;Crônicas na escola;volume 2;Escribas;2020;2
868;Livro;Biblioteca SGA;Fialho, Carlos;Crônicas na escola;volume 3;Escribas;2022;2
869;Livro;Biblioteca SGA;Danielli, Adélia;Bruta;;Escribas;2024;2
870;Livro;Biblioteca SGA;Gaiman, Neil;Coraline;;Intrínseca;2020;1
871;Livro;Biblioteca SGA;Monte, Anchella;Sobre voos e outros temas;poesias reunidas;Escribas;2024;3
872;Livro;Biblioteca SGA;Albuquerque, Iandê;Talvez a sua jornada agora seja só sobre você;;Planeta do Brasil;2022;1
873;Livro;Biblioteca SGA;Cerquier-Manzini, Maria Lourdes;O que é cidadania;;Brasiliense;2013;1
874;Livro;Biblioteca SGA;Alencar, José de;Lucíola ;;Martin Claret;2012;1
875;Livro;Biblioteca SGA;Sousa Filho, Valdir Antunes de;Palavras que se perpetuam;;CJA Edições;2015;1
876;Livro;Biblioteca SGA;Bojunga, Lygia;A bolsa amarela;;Casa Lygia Bojunga;2025;2
877;Livro;Biblioteca SGA;Machado, Ana Maria;Bisa, Bia, Bisa Bel;;Moderna;2007;1
878;Livro;Biblioteca SGA;PRIORE, Mary del;Histórias da gente brasileira;volume I : colônia;LeYa;2016;1
879;Livro;Biblioteca SGA;Alves, Denise de  Oliveira, Oliveira Neto, José Firmino, Barbosa, Kátia Aparecida Marangon;Educação no cerrado e cidadania;formação de professores(as) e práticas pedagógicas;Athalaia;2025;1
880;Livro;Biblioteca SGA;Cavalcanti, Pedro Guilherme;Fortaleza dos Reis Magos;a estrela que se ergueu do mar;Escribas;2023;1
881;Livro;Biblioteca SGA;ÌNDIGO;Confissão;;Editora Gutemberg;2013;1
882;Livro;Biblioteca SGA;Carroll, Lewis, Tenniel, John;Aventuras de Alice no País das Maravilhas;;Zahar;2009;2
883;Livro;Biblioteca SGA;Müller, Pat;As Estrelas Sempre Brilham Acima das Nuvens Escuras;;Mundo Cristão;2024;1
884;Livro;Biblioteca SGA;Barnes, Jennifer Lynn;Jogos de herança 1;;Globo Alt;2021;1
885;Livro;Biblioteca SGA;Vasconcelos, José Mauro, Cortez, Jayme, Cardon, Laurent;O meu pé de laranja lima;história de um meninozinho que um dia descobriu a dor...;Melhoramentos;2019;2
886;Livro;Biblioteca SGA;Riordan, Rick;O ladrão de raios;;Intrínseca;2023;2
887;Livro;Biblioteca SGA;Riordan, Rick;O mar de monstros;;Intrínseca;2023;2
888;Livro;Biblioteca SGA;Riordan, Rick;A maldição do titã;;Intrínseca;2023;2
889;Livro;Biblioteca SGA;Riordan, Rick;a batalha do labirinto;;Intrínseca;2023;2
890;Livro;Biblioteca SGA;Riordan, Rick;O último olimpiano;;Intrínseca;2023;1
891;Livro;Biblioteca SGA;Palacio, Raquel Jaramillo;Extraordinário;;Intrínseca;2013;2
892;Livro;Biblioteca SGA;Burnett, Frances Hodgson;O jardim secreto;;Martin Claret;2017;1
893;Livro;Biblioteca SGA;Lloyd, Christopher , Fiuza, Bruno;Enciclopédia britânica para curiosos, volume 1;;Sextante ;2024;1
894;Livro;Biblioteca SGA;Lloyd, Christopher , Fiuza, Bruno;Enciclopédia britânica para curiosos, volume 2;;Sextante ;2024;1
895;Livro;Biblioteca SGA;Thenório, Iberê, Lua, Nina;Experimentos ao ar livro com o Manual do Mundo;;Sextante ;2021;1
896;Livro;Biblioteca SGA;;Bússula;uma visão clássica sobre virtude, maturidade e sabedoria;EBV Editora;2025;1
897;Livro;Biblioteca SGA;Marinho, João Carlos;O gênio do crime;uma aventura da turma do gordo;Globo;2009;2
898;Livro;Biblioteca SGA;;Princesa adormecida;;Galera Record;2024;1
899;Livro;Biblioteca SGA;Dostoievski, Fiodor, Almeida, Oleg;Crime e castigo;;Martin Claret;2020;1
900;Livro;Biblioteca SGA;Druon, Maurice;O menino do dedo verde;;José Olympio;2025;1
901;Livro;Biblioteca SGA;Thenório, Iberê, Publishing, Workman, Brown, Matthew , Pearce, Chris, Biasi, Cláudio;O grande livro de Biologia do Manual do Mundo;anotações incríveis e divertidas para você aprender sobre plantas, animais, o corpo humano e o funcionamento da vida;Sextante ;2025;1
902;Livro;Biblioteca SGA;Thenório, Iberê, Publishing, Workman, Pearce, Chris, Biasi, Cláudio;O grande livro de Química do Manual do Mundo;anotações incríveis e divertidas para você aprender sobre átomos, moléculas e reações químicas;Sextante ;2025;1
903;Livro;Biblioteca SGA;;Planejando o trabalho em grupo;;Penso;2017;1
904;Livro;Biblioteca SGA;Painter, Lynn;Melhor do que nos filmes;;Intrínseca;2023;2
905;Livro;Biblioteca SGA;Painter, Lynn;Não é como nos filmes;;Intrínseca;2023;1
906;Livro;Biblioteca SGA;;Os mistérios do universo;;Sextante ;2024;1
907;Livro;Biblioteca SGA;Tibballs, Geoff, Wiltshire, Jo;Ripley's: Acredite se quiser!;espere o inerperado;Ediouro ;2008;1
908;Livro;Biblioteca SGA;Bradbury, Ray, Knipel, Cid;Fahrenheit 451;a temperatura na qual o papel do livro pega fogo e queima;Globo;2020;5
909;Livro;Biblioteca SGA;Kafka, Franz;A metamorfose;;Martin Claret;2022;1
910;Livro;Biblioteca SGA;Orwwll, George;A revolução dos bichos;um conto de fadas;CJA Edições;2007;1
911;Livro;Biblioteca SGA;Riordan, Rick, Alonso, Giu, Teixeira, Ulisses;A filha das profundezas;;Intrínseca;2021;1
912;Livro;Biblioteca SGA;Cabot, Meg;O diário da princesa;;Galera Record;2025;1
913;Livro;Biblioteca SGA;PIMENTA , Paula, Dewey, Babi, Vieira, Bruna, Rebouças, Thalita;Um ano inesquecivel;;Gutenberg;2023;1
914;Livro;Biblioteca SGA;Thenório, Iberê, Publishing, Workman, Brown, Matthew , Pearce, Chris, Biasi, Cláudio;O grande livro de Ciências do Manual do Mundo;Anotações incríveis e divertidas para você aprender sobre a vida, o universo e tudo mais;Sextante ;2025;1
915;Livro;Biblioteca SGA;Thenório, Iberê, Publishing, Workman, Brown, Matthew , Pearce, Chris, Biasi, Cláudio;O grande livro de História do Manual do Mundo;Anotações incríveis e divertidas para você aprender sobre as pessoas e os eventos que;Sextante ;2025;1
916;Livro;Biblioteca SGA;Thenório, Iberê, Publishing, Workman, Brown, Matthew , Pearce, Chris, Biasi, Cláudio;O grande livro de Matemática do Manual do Mundo;Anotações incríveis e divertidas para você aprender sobre o intrigante universo dos números e das formas geométricas;Sextante ;2025;1
917;Livro;Biblioteca SGA;Kupstas, Marcia;Fronteiras;;FTD;2020;1
918;Livro;Biblioteca SGA;Lewis, C. S., Baynes, Pauline, Kyemse, Ronald;O sobrinho do mago;;Harper Collins Publisher;2023;2
919;Livro;Biblioteca SGA;Lewis, C. S., Baynes, Pauline, Kyemse, Ronald;O leão, a feiticeira e o guarda-roupa;;Harper Collins Publisher;2023;2
920;Livro;Biblioteca SGA;Lewis, C. S., Baynes, Pauline, Kyemse, Ronald;O cavalo e seu menino;;Harper Collins Publisher;2023;2
921;Livro;Biblioteca SGA;Lewis, C. S., Baynes, Pauline, Kyemse, Ronald;Príncipe Caspian;;Harper Collins Publisher;2023;2
922;Livro;Biblioteca SGA;Lewis, C. S., Baynes, Pauline, Kyemse, Ronald;A viagem do peregrino da alvorada;;Harper Collins Publisher;2023;2
923;Livro;Biblioteca SGA;Lewis, C. S., Baynes, Pauline, Kyemse, Ronald;A última batalha;;Harper Collins Publisher;2023;2
924;Livro;Biblioteca SGA;Lewis, C. S., Baynes, Pauline, Kyemse, Ronald;A cadeia de prata;;Harper Collins Publisher;2023;2
925;Livro;Biblioteca SGA;Rowling, J. K, Wyler, Lia, GrandPré, Mary de;Harry Potter;e a pedra filosofal;Rocco;2015;2
926;Livro;Biblioteca SGA;Rowling, J. K, Wyler, Lia, GrandPré, Mary de;Harry Potter;e a câmara secreta;Rocco;2015;2
927;Livro;Biblioteca SGA;Rowling, J. K, Wyler, Lia, GrandPré, Mary de;Harry Potter;e o prisioneiro de Azkaban;Rocco;2015;2
928;Livro;Biblioteca SGA;Rowling, J. K, Wyler, Lia, GrandPré, Mary de;Harry Potter;e o cálice de fogo;Rocco;2015;2
929;Livro;Biblioteca SGA;Rowling, J. K, Wyler, Lia, GrandPré, Mary de;Harry Potter;e a ordem da fênix;Rocco;2015;2
930;Livro;Biblioteca SGA;Rowling, J. K, Wyler, Lia, GrandPré, Mary de;Harry Potter;e o enigma do príncepe;Rocco;2015;2
931;Livro;Biblioteca SGA;Rowling, J. K, Wyler, Lia, GrandPré, Mary de;Harry Potter;e oas relíquias da morte;Rocco;2015;2
932;Livro;Biblioteca SGA;Kinney, Jeff, Soares, Antonio de Macedo;Diário de um banana;;Vergara & Riba;2008;1
933;Livro;Biblioteca SGA;Kinney, Jeff, Boide, Alexandre;Diario de um banana;bons tempos;Vergara & Riba;2016;1
934;Livro;Biblioteca SGA;Kinney, Jeff, Soares, Antonio de Macedo;Diário de um banana;Rodrick é o cara;Vergara & Riba;2008;1
935;Livro;Biblioteca SGA;Kinney, Jeff, Soares, Antonio de Macedo;Diário de um banana;a gota d'água;Vergara & Riba;2012;1
936;Livro;Biblioteca SGA;Kinney, Jeff, Soares, Antonio de Macedo;Diário de um banana;dias de cão;Vergara & Riba;2012;1
937;Livro;Biblioteca SGA;Kinney, Jeff, Soares, Antonio de Macedo;Diário de um banana;a verdade nua e crua;Vergara & Riba;2012;1
938;Livro;Biblioteca SGA;Kinney, Jeff, Soares, Antonio de Macedo;Diário de um banana;casa dos horrores;Vergara & Riba;2012;1
939;Livro;Biblioteca SGA;Kinney, Jeff, Soares, Antonio de Macedo;Diário de um banana;segurando vela;Vergara & Riba;2012;1
940;Livro;Biblioteca SGA;Kinney, Jeff, Soares, Antonio de Macedo;Diário de um banana;maré de azar;Vergara & Riba;2012;1
941;Livro;Biblioteca SGA;Kinney, Jeff, Soares, Antonio de Macedo;Diário de um banana;caindo na estrada;Vergara & Riba;2012;1
942;Livro;Biblioteca SGA;Ernshan, Shea;O bosque das coisas perdidas;;Galera Record;2024;1
943;Livro;Biblioteca SGA;McManus, Karen M.;Mortos não contam segredos;;Galera Record;2024;1
944;Livro;Biblioteca SGA; Lockhart, E.;Mentirosos;;Seguinte;2014;1
945;Livro;Biblioteca SGA;McManus, Karen M.;Um de nós está mentindo;;Galera Record;2025;1
946;Livro;Biblioteca SGA;Mele, Dana;Garotas como nós;;Universo dos livros;2018;1
947;Livro;Biblioteca SGA;JACKSON, Holly;Manual de assassinato para boas garotas;;Intrínseca;2022;1
953;Livro;Biblioteca SGA;Saint-Exupery, Antoine de;O pequeno príncipe;;Faria e Silva Editora;2021;2
954;Livro;Biblioteca SGA;Pounder, Sibéal;Puxa, que bruxa! ;a confusão do feitiço;Ciranda Cultural;2019;1
955;Livro;Biblioteca SGA;Pounder, Sibéal;Puxa, que bruxa! ;ameaça colorida;Ciranda Cultural;2019;1
956;Livro;Biblioteca SGA;Pounder, Sibéal;Puxa, que bruxa! ;guerras bruxônicas;Ciranda Cultural;2019;1
957;Livro;Biblioteca SGA;Pounder, Sibéal;Puxa, que bruxa! ;o sumiço;Ciranda Cultural;2019;1
958;Livro;Biblioteca SGA;Lu, Marie;Estrela nas sombras;;Intrínseca;2023;1
959;Livro;Biblioteca SGA;Palhares, Paulo César ;Lunimios;a vitória dos exilados;CJA Edições;2016;1
960;Livro;Biblioteca SGA;Feth, Monika, Boratynski, Antoni , Heidemann, Dieter ;O catador de pensamentos;;Brinque-book;1996;2